<?xml version="1.0" encoding="UTF-8"?>
<!DOCTYPE hibernate-mapping PUBLIC
"-//hibernate/hibernate mapping dtd3.0//en"
"http://hibernate.sourceforge.net/hibernate-mapping-3.0.dtd">
<hibernate-mapping>
<class name="BuyerPojo" table="policy_Reg">
<id name="name" column="name" type="string">
<generator class ="assigned"></generator></id>
<property name="lstname" type="string" column="lstname" />
<property name="add" type="string" column="add" />
<property name="city" type="string" column="city" />
<property name="zip" type="string" column="zip" />
<property name="usernm" type="string" column="usernm" />
<property name="mob" type="string" column="mob" />
<property name="email" type="string" column="email" />
<property name="adhr" type="string" column="adhr" />
<property name="pan" type="string" column="pan" />
<property name="policy" type="string" column="policy" />
</class>
</hibernate-mapping>